<?xml version="1.0" encoding="UTF-8"?>
<Entities>
    <ExtensionPackages> 
        <ExtensionPackage name="MMI_Widgets_ExtensionPackage"
                          description="MapMyIndia Widgets"
                          vendor="MapMyIndia"
                          packageVersion="0.1" 
                          minimumThingWorxVersion="4.1.0" />
    </ExtensionPackages>
    <StyleDefinitions>
        <StyleDefinition name="DefaultMapRegionSelectedStyle" description="Default map region selected marker style" documentationContent="" lastModifiedDate="2013-10-03T14:44:30.820-04:00" tags="">
            <content><![CDATA[{"displayString":"","fontEmphasisUnderline":false,"fontEmphasisItalic":false,"textSize":"normal","lineColor":"#000000","backgroundColor":"#1206ff","lineStyle":"solid","lineThickness":1,"secondaryBackgroundColor":"","fontEmphasisBold":false,"foregroundColor":""}]]></content>
        </StyleDefinition>
    </StyleDefinitions>
    <Widgets>
        <Widget name="mmi_map">
            <UIResources>
                <!-- Studio ONLY -->
                <FileResource type="CSS" file="mmi_map.ide.css" description="" isDevelopment="true" isRuntime="false" />
                <FileResource type="JS" file="mmi_map.ide.js" description="" isDevelopment="true" isRuntime="false" />
                <!-- Runtime/Squeal ONLY -->
                <FileResource type="CSS" file="mmi_map.runtime.css" description="" isDevelopment="false" isRuntime="true" />
                <FileResource type="JS" file="mmi_map.runtime.js" description="" isDevelopment="false" isRuntime="true" />

                <FileResource type="JS" url="https://apis.mapmyindia.com/advancedmaps/v1/<api_key>/map_load?v=01" description="" isDevelopment="false" isRuntime="true" />
            </UIResources>
        </Widget>
		
        <Widget name="mmi_location">
            <UIResources>
                <!-- Studio ONLY -->
                <FileResource type="CSS" file="mmi_location.ide.css" description="" isDevelopment="true" isRuntime="false" />
                <FileResource type="JS" file="mmi_location.ide.js" description="" isDevelopment="true" isRuntime="false" />
                <!-- Runtime/Squeal ONLY -->
                <FileResource type="CSS" file="mmi_location.runtime.css" description="" isDevelopment="false" isRuntime="true" />
                <FileResource type="JS" file="mmi_location.runtime.js" description="" isDevelopment="false" isRuntime="true" />
					
				
                <FileResource type="JS" url="https://apis.mapmyindia.com/advancedmaps/v1/<api_key>/map_load?v=01" description="" isDevelopment="false" isRuntime="true" />
                
            </UIResources>
        </Widget>
		
    </Widgets>
</Entities>
